X.shape, Y.shape, "Inside the model-fitting function" : (161, 14) (161,) Inside the model-fitting function
Dict: model_trials.best_params_
Key: Value
{'randomforestregressor__max_depth': 10,
 'randomforestregressor__max_features': 'sqrt',
 'randomforestregressor__n_estimators': 600}
Matplotlib is currently using agg, which is a non-GUI backend, so cannot show the figure.
RECURRENT recurrent-bogota-20-1-2-3-4-5-6-7-8-9-10-11-12-13-14-15-16-17-18-19-20-21-22-23-24 0 streets_per_node_count_3 0.09043955027582683 0.11820454948809508 1.3070006333245714
RECURRENT recurrent-bogota-20-1-2-3-4-5-6-7-8-9-10-11-12-13-14-15-16-17-18-19-20-21-22-23-24 1 n 0.09167380623350396 0.13173529710892803 1.4370004096195454
RECURRENT recurrent-bogota-20-1-2-3-4-5-6-7-8-9-10-11-12-13-14-15-16-17-18-19-20-21-22-23-24 2 betweenness -0.0901156918798045 0.09731307967767744 -1.0798683075914541
RECURRENT recurrent-bogota-20-1-2-3-4-5-6-7-8-9-10-11-12-13-14-15-16-17-18-19-20-21-22-23-24 3 non_metered_count 0.02920135466605495 0.053889007839337026 1.8454283527462576
RECURRENT recurrent-bogota-20-1-2-3-4-5-6-7-8-9-10-11-12-13-14-15-16-17-18-19-20-21-22-23-24 4 k_avg 0.1674427002039804 0.08110781464629405 0.48439146375140685
RECURRENT recurrent-bogota-20-1-2-3-4-5-6-7-8-9-10-11-12-13-14-15-16-17-18-19-20-21-22-23-24 5 m 0.10147209939688473 0.13863817738929995 1.36626893710998
RECURRENT recurrent-bogota-20-1-2-3-4-5-6-7-8-9-10-11-12-13-14-15-16-17-18-19-20-21-22-23-24 6 circuity_avg -0.12148734602345287 0.1211153696024106 -0.9969381467846826
RECURRENT recurrent-bogota-20-1-2-3-4-5-6-7-8-9-10-11-12-13-14-15-16-17-18-19-20-21-22-23-24 7 streets_per_node_avg 0.09037301928132158 0.12951459540403423 1.433111302842158
RECURRENT recurrent-bogota-20-1-2-3-4-5-6-7-8-9-10-11-12-13-14-15-16-17-18-19-20-21-22-23-24 8 mean_lanes 0.22593683786545724 0.2821514841740124 1.2488069092213743
RECURRENT recurrent-bogota-20-1-2-3-4-5-6-7-8-9-10-11-12-13-14-15-16-17-18-19-20-21-22-23-24 9 streets_per_node_count_2 0.0734580563176606 0.0641711716731928 0.8735756823688914
RECURRENT recurrent-bogota-20-1-2-3-4-5-6-7-8-9-10-11-12-13-14-15-16-17-18-19-20-21-22-23-24 10 streets_per_node_count_4 0.10587676731629574 0.12714090160494668 1.2008385298082116
RECURRENT recurrent-bogota-20-1-2-3-4-5-6-7-8-9-10-11-12-13-14-15-16-17-18-19-20-21-22-23-24 11 total_crossings 0.07636476799228789 0.0993381236984189 1.3008371047293839
RECURRENT recurrent-bogota-20-1-2-3-4-5-6-7-8-9-10-11-12-13-14-15-16-17-18-19-20-21-22-23-24 12 streets_per_node_count_5 -0.016189570795807826 0.010441343779478213 -0.6449425936715953
RECURRENT recurrent-bogota-20-1-2-3-4-5-6-7-8-9-10-11-12-13-14-15-16-17-18-19-20-21-22-23-24 13 metered_count 0.09309662398657706 0.11511768863025602 1.2365398840548076
SHAP Values for each feature:
Slug                           Feature Name         Mean Abs SHAP Value
SHAP-- recurrent-bogota-20-1-2-3-4-5-6-7-8-9-10-11-12-13-14-15-16-17-18-19-20-21-22-23-24 streets_per_node_count_3          0.0587
SHAP-- recurrent-bogota-20-1-2-3-4-5-6-7-8-9-10-11-12-13-14-15-16-17-18-19-20-21-22-23-24 n                             0.0651
SHAP-- recurrent-bogota-20-1-2-3-4-5-6-7-8-9-10-11-12-13-14-15-16-17-18-19-20-21-22-23-24 betweenness                   0.0471
SHAP-- recurrent-bogota-20-1-2-3-4-5-6-7-8-9-10-11-12-13-14-15-16-17-18-19-20-21-22-23-24 non_metered_count             0.0255
SHAP-- recurrent-bogota-20-1-2-3-4-5-6-7-8-9-10-11-12-13-14-15-16-17-18-19-20-21-22-23-24 k_avg                         0.0419
SHAP-- recurrent-bogota-20-1-2-3-4-5-6-7-8-9-10-11-12-13-14-15-16-17-18-19-20-21-22-23-24 m                             0.0678
SHAP-- recurrent-bogota-20-1-2-3-4-5-6-7-8-9-10-11-12-13-14-15-16-17-18-19-20-21-22-23-24 circuity_avg                  0.0599
SHAP-- recurrent-bogota-20-1-2-3-4-5-6-7-8-9-10-11-12-13-14-15-16-17-18-19-20-21-22-23-24 streets_per_node_avg          0.0639
SHAP-- recurrent-bogota-20-1-2-3-4-5-6-7-8-9-10-11-12-13-14-15-16-17-18-19-20-21-22-23-24 mean_lanes                    0.1382
SHAP-- recurrent-bogota-20-1-2-3-4-5-6-7-8-9-10-11-12-13-14-15-16-17-18-19-20-21-22-23-24 streets_per_node_count_2          0.0314
SHAP-- recurrent-bogota-20-1-2-3-4-5-6-7-8-9-10-11-12-13-14-15-16-17-18-19-20-21-22-23-24 streets_per_node_count_4          0.0635
SHAP-- recurrent-bogota-20-1-2-3-4-5-6-7-8-9-10-11-12-13-14-15-16-17-18-19-20-21-22-23-24 total_crossings               0.0504
SHAP-- recurrent-bogota-20-1-2-3-4-5-6-7-8-9-10-11-12-13-14-15-16-17-18-19-20-21-22-23-24 streets_per_node_count_5          0.0046
SHAP-- recurrent-bogota-20-1-2-3-4-5-6-7-8-9-10-11-12-13-14-15-16-17-18-19-20-21-22-23-24 metered_count                 0.0584
RECURRENT Bogota 20 LR 0.3177657925566968 XpVar
RECURRENT Bogota 20 RF 0.38038167344611606 XpVar
RECURRENT Bogota 20 LLR -1.586032892321652e-17 XpVar
RECURRENT Bogota 20 RLR 0.31917541073420325 XpVar
RECURRENT Bogota 20 LR 0.5243166182685538 MSE
RECURRENT Bogota 20 RF 0.4751953341472786 MSE
RECURRENT Bogota 20 LLR 0.7756204884666055 MSE
RECURRENT Bogota 20 RLR 0.5239246307206684 MSE
RECURRENT Bogota 20 LR 0.28418137254455506 R2
RECURRENT Bogota 20 RF 0.36009381506317506 R2
RECURRENT Bogota 20 LLR -0.029257779243002817 R2
RECURRENT Bogota 20 RLR 0.28615558510825767 R2
t_spatial, t_non_spatial, "seconds" : 1.430511474609375e-06 34.039408445358276 seconds
sorted_percentage_nan_per_column : maxspeed                         33.333333
n                                 0.000000
lane_density                      0.000000
streets_per_node_proportion_6     0.000000
streets_per_node_proportion_5     0.000000
streets_per_node_proportion_4     0.000000
streets_per_node_proportion_3     0.000000
streets_per_node_proportion_2     0.000000
streets_per_node_proportion_1     0.000000
streets_per_node_count_6          0.000000
streets_per_node_count_5          0.000000
streets_per_node_count_4          0.000000
streets_per_node_count_3          0.000000
streets_per_node_count_2          0.000000
streets_per_node_count_1          0.000000
mean_lanes                        0.000000
m                                 0.000000
betweenness                       0.000000
total_crossings                   0.000000
non_metered_count                 0.000000
metered_count                     0.000000
self_loop_proportion              0.000000
circuity_avg                      0.000000
street_length_avg                 0.000000
street_segment_count              0.000000
street_length_total               0.000000
streets_per_node_avg              0.000000
edge_length_avg                   0.000000
edge_length_total                 0.000000
k_avg                             0.000000
global_betweenness                0.000000
dtype: float64
city, scale, tod, config.shift_tile_marker, X.shape, Y.shape : Bogota 30 [1, 2, 3, 4, 5, 6, 7, 8, 9, 10, 11, 12, 13, 14, 15, 16, 17, 18, 19, 20, 21, 22, 23, 24] 3 (297, 14) (297,)
X.shape, Y.shape, "Inside the model-fitting function" : (297, 14) (297,) Inside the model-fitting function
Dict: model_trials.best_params_
Key: Value
{'randomforestregressor__max_depth': 20,
 'randomforestregressor__max_features': 'sqrt',
 'randomforestregressor__n_estimators': 50}
Matplotlib is currently using agg, which is a non-GUI backend, so cannot show the figure.
RECURRENT recurrent-bogota-30-1-2-3-4-5-6-7-8-9-10-11-12-13-14-15-16-17-18-19-20-21-22-23-24 0 streets_per_node_count_3 0.16203756462686214 0.24293531076127167 1.4992530362987109
RECURRENT recurrent-bogota-30-1-2-3-4-5-6-7-8-9-10-11-12-13-14-15-16-17-18-19-20-21-22-23-24 1 n 0.11548404294018921 0.16903459465861187 1.4637052042433016
RECURRENT recurrent-bogota-30-1-2-3-4-5-6-7-8-9-10-11-12-13-14-15-16-17-18-19-20-21-22-23-24 2 betweenness -0.33381953740108794 0.059652134854859554 -0.17869575675310712
RECURRENT recurrent-bogota-30-1-2-3-4-5-6-7-8-9-10-11-12-13-14-15-16-17-18-19-20-21-22-23-24 3 non_metered_count 0.025898736200798383 0.042644261873467385 1.6465769427062926
RECURRENT recurrent-bogota-30-1-2-3-4-5-6-7-8-9-10-11-12-13-14-15-16-17-18-19-20-21-22-23-24 4 k_avg -0.07283933970894503 0.07574664400575452 -1.0399139298684836
RECURRENT recurrent-bogota-30-1-2-3-4-5-6-7-8-9-10-11-12-13-14-15-16-17-18-19-20-21-22-23-24 5 m 0.1125887707885526 0.15593461129230832 1.3849925725289371
RECURRENT recurrent-bogota-30-1-2-3-4-5-6-7-8-9-10-11-12-13-14-15-16-17-18-19-20-21-22-23-24 6 circuity_avg -0.1744749475372252 0.17205776354120947 -0.9861459537306924
RECURRENT recurrent-bogota-30-1-2-3-4-5-6-7-8-9-10-11-12-13-14-15-16-17-18-19-20-21-22-23-24 7 streets_per_node_avg -0.11521944473955714 0.05348968318594897 -0.46424180663999404
RECURRENT recurrent-bogota-30-1-2-3-4-5-6-7-8-9-10-11-12-13-14-15-16-17-18-19-20-21-22-23-24 8 mean_lanes 0.14192121984480824 0.10320397193001338 0.7271919734262965
RECURRENT recurrent-bogota-30-1-2-3-4-5-6-7-8-9-10-11-12-13-14-15-16-17-18-19-20-21-22-23-24 9 streets_per_node_count_2 0.08629082993850426 0.05174940007780254 0.5997091477122436
RECURRENT recurrent-bogota-30-1-2-3-4-5-6-7-8-9-10-11-12-13-14-15-16-17-18-19-20-21-22-23-24 10 streets_per_node_count_4 0.07588021859336846 0.09351049200256506 1.232343471539991
RECURRENT recurrent-bogota-30-1-2-3-4-5-6-7-8-9-10-11-12-13-14-15-16-17-18-19-20-21-22-23-24 11 total_crossings 0.23624520636884624 0.2984167266257092 1.2631652138574845
RECURRENT recurrent-bogota-30-1-2-3-4-5-6-7-8-9-10-11-12-13-14-15-16-17-18-19-20-21-22-23-24 12 streets_per_node_count_5 0.07234787110152004 0.014753785769316748 0.20392840237985618
RECURRENT recurrent-bogota-30-1-2-3-4-5-6-7-8-9-10-11-12-13-14-15-16-17-18-19-20-21-22-23-24 13 metered_count 0.21321820625020715 0.2520980523616222 1.1823476840706104
SHAP Values for each feature:
Slug                           Feature Name         Mean Abs SHAP Value
SHAP-- recurrent-bogota-30-1-2-3-4-5-6-7-8-9-10-11-12-13-14-15-16-17-18-19-20-21-22-23-24 streets_per_node_count_3          0.1184
SHAP-- recurrent-bogota-30-1-2-3-4-5-6-7-8-9-10-11-12-13-14-15-16-17-18-19-20-21-22-23-24 n                             0.0862
SHAP-- recurrent-bogota-30-1-2-3-4-5-6-7-8-9-10-11-12-13-14-15-16-17-18-19-20-21-22-23-24 betweenness                   0.0287
SHAP-- recurrent-bogota-30-1-2-3-4-5-6-7-8-9-10-11-12-13-14-15-16-17-18-19-20-21-22-23-24 non_metered_count             0.0207
SHAP-- recurrent-bogota-30-1-2-3-4-5-6-7-8-9-10-11-12-13-14-15-16-17-18-19-20-21-22-23-24 k_avg                         0.0362
SHAP-- recurrent-bogota-30-1-2-3-4-5-6-7-8-9-10-11-12-13-14-15-16-17-18-19-20-21-22-23-24 m                             0.0756
SHAP-- recurrent-bogota-30-1-2-3-4-5-6-7-8-9-10-11-12-13-14-15-16-17-18-19-20-21-22-23-24 circuity_avg                  0.0838
SHAP-- recurrent-bogota-30-1-2-3-4-5-6-7-8-9-10-11-12-13-14-15-16-17-18-19-20-21-22-23-24 streets_per_node_avg          0.0285
SHAP-- recurrent-bogota-30-1-2-3-4-5-6-7-8-9-10-11-12-13-14-15-16-17-18-19-20-21-22-23-24 mean_lanes                    0.0549
SHAP-- recurrent-bogota-30-1-2-3-4-5-6-7-8-9-10-11-12-13-14-15-16-17-18-19-20-21-22-23-24 streets_per_node_count_2          0.0316
SHAP-- recurrent-bogota-30-1-2-3-4-5-6-7-8-9-10-11-12-13-14-15-16-17-18-19-20-21-22-23-24 streets_per_node_count_4          0.0465
SHAP-- recurrent-bogota-30-1-2-3-4-5-6-7-8-9-10-11-12-13-14-15-16-17-18-19-20-21-22-23-24 total_crossings               0.1507
SHAP-- recurrent-bogota-30-1-2-3-4-5-6-7-8-9-10-11-12-13-14-15-16-17-18-19-20-21-22-23-24 streets_per_node_count_5          0.0072
SHAP-- recurrent-bogota-30-1-2-3-4-5-6-7-8-9-10-11-12-13-14-15-16-17-18-19-20-21-22-23-24 metered_count                 0.1274
RECURRENT Bogota 30 LR 0.43428532880029647 XpVar
RECURRENT Bogota 30 RF 0.48986190368979166 XpVar
RECURRENT Bogota 30 LLR 0.0 XpVar
RECURRENT Bogota 30 RLR 0.4294601191750122 XpVar
RECURRENT Bogota 30 LR 0.4203883270093754 MSE
RECURRENT Bogota 30 RF 0.3812572320528987 MSE
RECURRENT Bogota 30 LLR 0.7464391552404991 MSE
RECURRENT Bogota 30 RLR 0.4233136182323455 MSE
RECURRENT Bogota 30 LR 0.4266078938029692 R2
RECURRENT Bogota 30 RF 0.477697926476483 R2
RECURRENT Bogota 30 LLR -0.01951802961868213 R2
RECURRENT Bogota 30 RLR 0.42183436790472434 R2
t_spatial, t_non_spatial, "seconds" : 1.430511474609375e-06 28.31131887435913 seconds
sorted_percentage_nan_per_column : maxspeed                         32.378855
n                                 0.000000
lane_density                      0.000000
streets_per_node_proportion_6     0.000000
streets_per_node_proportion_5     0.000000
streets_per_node_proportion_4     0.000000
streets_per_node_proportion_3     0.000000
streets_per_node_proportion_2     0.000000
streets_per_node_proportion_1     0.000000
streets_per_node_count_6          0.000000
streets_per_node_count_5          0.000000
streets_per_node_count_4          0.000000
streets_per_node_count_3          0.000000
streets_per_node_count_2          0.000000
streets_per_node_count_1          0.000000
mean_lanes                        0.000000
m                                 0.000000
betweenness                       0.000000
total_crossings                   0.000000
non_metered_count                 0.000000
metered_count                     0.000000
self_loop_proportion              0.000000
circuity_avg                      0.000000
street_length_avg                 0.000000
street_segment_count              0.000000
street_length_total               0.000000
streets_per_node_avg              0.000000
edge_length_avg                   0.000000
edge_length_total                 0.000000
k_avg                             0.000000
global_betweenness                0.000000
dtype: float64
city, scale, tod, config.shift_tile_marker, X.shape, Y.shape : Bogota 40 [1, 2, 3, 4, 5, 6, 7, 8, 9, 10, 11, 12, 13, 14, 15, 16, 17, 18, 19, 20, 21, 22, 23, 24] 3 (454, 14) (454,)
X.shape, Y.shape, "Inside the model-fitting function" : (454, 14) (454,) Inside the model-fitting function
Dict: model_trials.best_params_
Key: Value
{'randomforestregressor__max_depth': 10,
 'randomforestregressor__max_features': 'sqrt',
 'randomforestregressor__n_estimators': 200}
Matplotlib is currently using agg, which is a non-GUI backend, so cannot show the figure.
RECURRENT recurrent-bogota-40-1-2-3-4-5-6-7-8-9-10-11-12-13-14-15-16-17-18-19-20-21-22-23-24 0 streets_per_node_count_3 0.12383841292578854 0.18254810438456703 1.4740830415354313
RECURRENT recurrent-bogota-40-1-2-3-4-5-6-7-8-9-10-11-12-13-14-15-16-17-18-19-20-21-22-23-24 1 n 0.10959556753919136 0.16163988108243743 1.4748760804093197
RECURRENT recurrent-bogota-40-1-2-3-4-5-6-7-8-9-10-11-12-13-14-15-16-17-18-19-20-21-22-23-24 2 betweenness -0.045885951760168756 0.03732474464839515 -0.8134242228096236
RECURRENT recurrent-bogota-40-1-2-3-4-5-6-7-8-9-10-11-12-13-14-15-16-17-18-19-20-21-22-23-24 3 non_metered_count 0.01997957927145051 0.019693793189863425 0.9856960911086123
RECURRENT recurrent-bogota-40-1-2-3-4-5-6-7-8-9-10-11-12-13-14-15-16-17-18-19-20-21-22-23-24 4 k_avg 1.5418245391962457 0.11989800218951116 0.07776371379587335
RECURRENT recurrent-bogota-40-1-2-3-4-5-6-7-8-9-10-11-12-13-14-15-16-17-18-19-20-21-22-23-24 5 m 0.12340517968367877 0.17263115088568495 1.3988971235096113
RECURRENT recurrent-bogota-40-1-2-3-4-5-6-7-8-9-10-11-12-13-14-15-16-17-18-19-20-21-22-23-24 6 circuity_avg -0.23896804176102535 0.22953851703831873 -0.9605406452962594
RECURRENT recurrent-bogota-40-1-2-3-4-5-6-7-8-9-10-11-12-13-14-15-16-17-18-19-20-21-22-23-24 7 streets_per_node_avg -0.08178173992103045 0.06447135486091762 -0.7883343509586862
RECURRENT recurrent-bogota-40-1-2-3-4-5-6-7-8-9-10-11-12-13-14-15-16-17-18-19-20-21-22-23-24 8 mean_lanes 0.19985307437655783 0.2126972936045834 1.0642683094472933
RECURRENT recurrent-bogota-40-1-2-3-4-5-6-7-8-9-10-11-12-13-14-15-16-17-18-19-20-21-22-23-24 9 streets_per_node_count_2 -0.0798084581186175 0.04284998854788949 -0.536910367121772
RECURRENT recurrent-bogota-40-1-2-3-4-5-6-7-8-9-10-11-12-13-14-15-16-17-18-19-20-21-22-23-24 10 streets_per_node_count_4 0.20248849830159077 0.2671774670138052 1.319469842755539
RECURRENT recurrent-bogota-40-1-2-3-4-5-6-7-8-9-10-11-12-13-14-15-16-17-18-19-20-21-22-23-24 11 total_crossings 0.11005653950624883 0.14448825842464208 1.312854820557376
RECURRENT recurrent-bogota-40-1-2-3-4-5-6-7-8-9-10-11-12-13-14-15-16-17-18-19-20-21-22-23-24 12 streets_per_node_count_5 -0.007743562056934728 0.015789097523180647 -2.038996705533051
RECURRENT recurrent-bogota-40-1-2-3-4-5-6-7-8-9-10-11-12-13-14-15-16-17-18-19-20-21-22-23-24 13 metered_count 0.09680478109806971 0.13129351998898417 1.3562710281424537
SHAP Values for each feature:
Slug                           Feature Name         Mean Abs SHAP Value
SHAP-- recurrent-bogota-40-1-2-3-4-5-6-7-8-9-10-11-12-13-14-15-16-17-18-19-20-21-22-23-24 streets_per_node_count_3          0.0873
SHAP-- recurrent-bogota-40-1-2-3-4-5-6-7-8-9-10-11-12-13-14-15-16-17-18-19-20-21-22-23-24 n                             0.0777
SHAP-- recurrent-bogota-40-1-2-3-4-5-6-7-8-9-10-11-12-13-14-15-16-17-18-19-20-21-22-23-24 betweenness                   0.0185
SHAP-- recurrent-bogota-40-1-2-3-4-5-6-7-8-9-10-11-12-13-14-15-16-17-18-19-20-21-22-23-24 non_metered_count             0.0101
SHAP-- recurrent-bogota-40-1-2-3-4-5-6-7-8-9-10-11-12-13-14-15-16-17-18-19-20-21-22-23-24 k_avg                         0.0601
SHAP-- recurrent-bogota-40-1-2-3-4-5-6-7-8-9-10-11-12-13-14-15-16-17-18-19-20-21-22-23-24 m                             0.0820
SHAP-- recurrent-bogota-40-1-2-3-4-5-6-7-8-9-10-11-12-13-14-15-16-17-18-19-20-21-22-23-24 circuity_avg                  0.1112
SHAP-- recurrent-bogota-40-1-2-3-4-5-6-7-8-9-10-11-12-13-14-15-16-17-18-19-20-21-22-23-24 streets_per_node_avg          0.0349
SHAP-- recurrent-bogota-40-1-2-3-4-5-6-7-8-9-10-11-12-13-14-15-16-17-18-19-20-21-22-23-24 mean_lanes                    0.0944
SHAP-- recurrent-bogota-40-1-2-3-4-5-6-7-8-9-10-11-12-13-14-15-16-17-18-19-20-21-22-23-24 streets_per_node_count_2          0.0257
SHAP-- recurrent-bogota-40-1-2-3-4-5-6-7-8-9-10-11-12-13-14-15-16-17-18-19-20-21-22-23-24 streets_per_node_count_4          0.1251
SHAP-- recurrent-bogota-40-1-2-3-4-5-6-7-8-9-10-11-12-13-14-15-16-17-18-19-20-21-22-23-24 total_crossings               0.0724
SHAP-- recurrent-bogota-40-1-2-3-4-5-6-7-8-9-10-11-12-13-14-15-16-17-18-19-20-21-22-23-24 streets_per_node_count_5          0.0043
SHAP-- recurrent-bogota-40-1-2-3-4-5-6-7-8-9-10-11-12-13-14-15-16-17-18-19-20-21-22-23-24 metered_count                 0.0676
RECURRENT Bogota 40 LR 0.3486153960775794 XpVar
RECURRENT Bogota 40 RF 0.38384158762300125 XpVar
RECURRENT Bogota 40 LLR 0.0 XpVar
RECURRENT Bogota 40 RLR 0.34789081299951313 XpVar
RECURRENT Bogota 40 LR 0.5534441013917818 MSE
RECURRENT Bogota 40 RF 0.5198198718366009 MSE
RECURRENT Bogota 40 LLR 0.8616954866409542 MSE
RECURRENT Bogota 40 RLR 0.554062116471288 MSE
RECURRENT Bogota 40 LR 0.34378132908036024 R2
RECURRENT Bogota 40 RF 0.38053765704924486 R2
RECURRENT Bogota 40 LLR -0.02147730980764043 R2
RECURRENT Bogota 40 RLR 0.34337001409391676 R2
t_spatial, t_non_spatial, "seconds" : 1.6689300537109375e-06 38.72396111488342 seconds
sorted_percentage_nan_per_column : maxspeed                         33.533654
n                                 0.000000
lane_density                      0.000000
streets_per_node_proportion_6     0.000000
streets_per_node_proportion_5     0.000000
streets_per_node_proportion_4     0.000000
streets_per_node_proportion_3     0.000000
streets_per_node_proportion_2     0.000000
streets_per_node_proportion_1     0.000000
streets_per_node_count_6          0.000000
streets_per_node_count_5          0.000000
streets_per_node_count_4          0.000000
streets_per_node_count_3          0.000000
streets_per_node_count_2          0.000000
streets_per_node_count_1          0.000000
mean_lanes                        0.000000
m                                 0.000000
betweenness                       0.000000
total_crossings                   0.000000
non_metered_count                 0.000000
metered_count                     0.000000
self_loop_proportion              0.000000
circuity_avg                      0.000000
street_length_avg                 0.000000
street_segment_count              0.000000
street_length_total               0.000000
streets_per_node_avg              0.000000
edge_length_avg                   0.000000
edge_length_total                 0.000000
k_avg                             0.000000
global_betweenness                0.000000
dtype: float64
city, scale, tod, config.shift_tile_marker, X.shape, Y.shape : Bogota 60 [1, 2, 3, 4, 5, 6, 7, 8, 9, 10, 11, 12, 13, 14, 15, 16, 17, 18, 19, 20, 21, 22, 23, 24] 3 (832, 14) (832,)
X.shape, Y.shape, "Inside the model-fitting function" : (832, 14) (832,) Inside the model-fitting function
Dict: model_trials.best_params_
Key: Value
{'randomforestregressor__max_depth': 10,
 'randomforestregressor__max_features': 'sqrt',
 'randomforestregressor__n_estimators': 200}
Matplotlib is currently using agg, which is a non-GUI backend, so cannot show the figure.
RECURRENT recurrent-bogota-60-1-2-3-4-5-6-7-8-9-10-11-12-13-14-15-16-17-18-19-20-21-22-23-24 0 streets_per_node_count_3 0.1688294053701247 0.23900674966864963 1.415670150260111
RECURRENT recurrent-bogota-60-1-2-3-4-5-6-7-8-9-10-11-12-13-14-15-16-17-18-19-20-21-22-23-24 1 n 0.1545577370254234 0.23946384331892442 1.549348793063234
RECURRENT recurrent-bogota-60-1-2-3-4-5-6-7-8-9-10-11-12-13-14-15-16-17-18-19-20-21-22-23-24 2 betweenness -0.07592381338594603 0.07169707773411482 -0.9443292497658764
RECURRENT recurrent-bogota-60-1-2-3-4-5-6-7-8-9-10-11-12-13-14-15-16-17-18-19-20-21-22-23-24 3 non_metered_count 0.10947178042901423 0.13777567839106017 1.2585497180289242
RECURRENT recurrent-bogota-60-1-2-3-4-5-6-7-8-9-10-11-12-13-14-15-16-17-18-19-20-21-22-23-24 4 k_avg -0.08844322924165943 0.08559992221588125 -0.9678516145310658
RECURRENT recurrent-bogota-60-1-2-3-4-5-6-7-8-9-10-11-12-13-14-15-16-17-18-19-20-21-22-23-24 5 m 0.09108795436624276 0.1078890787529247 1.1844494642961094
RECURRENT recurrent-bogota-60-1-2-3-4-5-6-7-8-9-10-11-12-13-14-15-16-17-18-19-20-21-22-23-24 6 circuity_avg -0.10824550671332486 0.08199523494319286 -0.757493197018767
RECURRENT recurrent-bogota-60-1-2-3-4-5-6-7-8-9-10-11-12-13-14-15-16-17-18-19-20-21-22-23-24 7 streets_per_node_avg 0.059833853341056745 0.07815761964709292 1.3062441290817348
RECURRENT recurrent-bogota-60-1-2-3-4-5-6-7-8-9-10-11-12-13-14-15-16-17-18-19-20-21-22-23-24 8 mean_lanes 0.34224415044096723 0.1634024670359162 0.4774441486447
RECURRENT recurrent-bogota-60-1-2-3-4-5-6-7-8-9-10-11-12-13-14-15-16-17-18-19-20-21-22-23-24 9 streets_per_node_count_2 -0.04251616525331012 0.05399957454933366 -1.2700951327008378
RECURRENT recurrent-bogota-60-1-2-3-4-5-6-7-8-9-10-11-12-13-14-15-16-17-18-19-20-21-22-23-24 10 streets_per_node_count_4 0.14442517312296568 0.17927524982096618 1.2413019555000195
RECURRENT recurrent-bogota-60-1-2-3-4-5-6-7-8-9-10-11-12-13-14-15-16-17-18-19-20-21-22-23-24 11 total_crossings 0.1430443054348166 0.17328146986669213 1.2113832098381168
RECURRENT recurrent-bogota-60-1-2-3-4-5-6-7-8-9-10-11-12-13-14-15-16-17-18-19-20-21-22-23-24 12 streets_per_node_count_5 -0.017815163076208722 0.005354865844991377 -0.30057910904798496
RECURRENT recurrent-bogota-60-1-2-3-4-5-6-7-8-9-10-11-12-13-14-15-16-17-18-19-20-21-22-23-24 13 metered_count 0.09487914964947916 0.16264559512000487 1.7142395955368652
SHAP Values for each feature:
Slug                           Feature Name         Mean Abs SHAP Value
SHAP-- recurrent-bogota-60-1-2-3-4-5-6-7-8-9-10-11-12-13-14-15-16-17-18-19-20-21-22-23-24 streets_per_node_count_3          0.1087
SHAP-- recurrent-bogota-60-1-2-3-4-5-6-7-8-9-10-11-12-13-14-15-16-17-18-19-20-21-22-23-24 n                             0.1117
SHAP-- recurrent-bogota-60-1-2-3-4-5-6-7-8-9-10-11-12-13-14-15-16-17-18-19-20-21-22-23-24 betweenness                   0.0348
SHAP-- recurrent-bogota-60-1-2-3-4-5-6-7-8-9-10-11-12-13-14-15-16-17-18-19-20-21-22-23-24 non_metered_count             0.0689
SHAP-- recurrent-bogota-60-1-2-3-4-5-6-7-8-9-10-11-12-13-14-15-16-17-18-19-20-21-22-23-24 k_avg                         0.0430
SHAP-- recurrent-bogota-60-1-2-3-4-5-6-7-8-9-10-11-12-13-14-15-16-17-18-19-20-21-22-23-24 m                             0.0514
SHAP-- recurrent-bogota-60-1-2-3-4-5-6-7-8-9-10-11-12-13-14-15-16-17-18-19-20-21-22-23-24 circuity_avg                  0.0406
SHAP-- recurrent-bogota-60-1-2-3-4-5-6-7-8-9-10-11-12-13-14-15-16-17-18-19-20-21-22-23-24 streets_per_node_avg          0.0373
SHAP-- recurrent-bogota-60-1-2-3-4-5-6-7-8-9-10-11-12-13-14-15-16-17-18-19-20-21-22-23-24 mean_lanes                    0.0693
SHAP-- recurrent-bogota-60-1-2-3-4-5-6-7-8-9-10-11-12-13-14-15-16-17-18-19-20-21-22-23-24 streets_per_node_count_2          0.0301
SHAP-- recurrent-bogota-60-1-2-3-4-5-6-7-8-9-10-11-12-13-14-15-16-17-18-19-20-21-22-23-24 streets_per_node_count_4          0.0830
SHAP-- recurrent-bogota-60-1-2-3-4-5-6-7-8-9-10-11-12-13-14-15-16-17-18-19-20-21-22-23-24 total_crossings               0.0861
SHAP-- recurrent-bogota-60-1-2-3-4-5-6-7-8-9-10-11-12-13-14-15-16-17-18-19-20-21-22-23-24 streets_per_node_count_5          0.0027
SHAP-- recurrent-bogota-60-1-2-3-4-5-6-7-8-9-10-11-12-13-14-15-16-17-18-19-20-21-22-23-24 metered_count                 0.0749
RECURRENT Bogota 60 LR 0.3588313969959925 XpVar
RECURRENT Bogota 60 RF 0.40102782075262944 XpVar
RECURRENT Bogota 60 LLR 3.172065784643304e-17 XpVar
RECURRENT Bogota 60 RLR 0.3573841626230621 XpVar
RECURRENT Bogota 60 LR 0.5717654680100264 MSE
RECURRENT Bogota 60 RF 0.5340768154612683 MSE
RECURRENT Bogota 60 LLR 0.8957162862284144 MSE
RECURRENT Bogota 60 RLR 0.5731362159425333 MSE
RECURRENT Bogota 60 LR 0.354015109202885 R2
RECURRENT Bogota 60 RF 0.3970980409136298 R2
RECURRENT Bogota 60 LLR -0.010946245723935735 R2
RECURRENT Bogota 60 RLR 0.3525804014548847 R2
t_spatial, t_non_spatial, "seconds" : 3.0994415283203125e-06 59.52768659591675 seconds
sorted_percentage_nan_per_column : maxspeed                         32.288699
n                                 0.000000
lane_density                      0.000000
streets_per_node_proportion_6     0.000000
streets_per_node_proportion_5     0.000000
streets_per_node_proportion_4     0.000000
streets_per_node_proportion_3     0.000000
streets_per_node_proportion_2     0.000000
streets_per_node_proportion_1     0.000000
streets_per_node_count_6          0.000000
streets_per_node_count_5          0.000000
streets_per_node_count_4          0.000000
streets_per_node_count_3          0.000000
streets_per_node_count_2          0.000000
streets_per_node_count_1          0.000000
mean_lanes                        0.000000
m                                 0.000000
betweenness                       0.000000
total_crossings                   0.000000
non_metered_count                 0.000000
metered_count                     0.000000
self_loop_proportion              0.000000
circuity_avg                      0.000000
street_length_avg                 0.000000
street_segment_count              0.000000
street_length_total               0.000000
streets_per_node_avg              0.000000
edge_length_avg                   0.000000
edge_length_total                 0.000000
k_avg                             0.000000
global_betweenness                0.000000
dtype: float64
city, scale, tod, config.shift_tile_marker, X.shape, Y.shape : Bogota 70 [1, 2, 3, 4, 5, 6, 7, 8, 9, 10, 11, 12, 13, 14, 15, 16, 17, 18, 19, 20, 21, 22, 23, 24] 3 (1053, 14) (1053,)
X.shape, Y.shape, "Inside the model-fitting function" : (1053, 14) (1053,) Inside the model-fitting function
Dict: model_trials.best_params_
Key: Value
{'randomforestregressor__max_depth': 10,
 'randomforestregressor__max_features': 'sqrt',
 'randomforestregressor__n_estimators': 200}
Matplotlib is currently using agg, which is a non-GUI backend, so cannot show the figure.
RECURRENT recurrent-bogota-70-1-2-3-4-5-6-7-8-9-10-11-12-13-14-15-16-17-18-19-20-21-22-23-24 0 streets_per_node_count_3 0.11246888847656569 0.1456984929074158 1.295455969032484
RECURRENT recurrent-bogota-70-1-2-3-4-5-6-7-8-9-10-11-12-13-14-15-16-17-18-19-20-21-22-23-24 1 n 0.12372865282122156 0.19032998645188834 1.538285450556878
RECURRENT recurrent-bogota-70-1-2-3-4-5-6-7-8-9-10-11-12-13-14-15-16-17-18-19-20-21-22-23-24 2 betweenness -0.09472034528331881 0.042191085261252134 -0.4454279081759471
RECURRENT recurrent-bogota-70-1-2-3-4-5-6-7-8-9-10-11-12-13-14-15-16-17-18-19-20-21-22-23-24 3 non_metered_count 0.06307735169676446 0.08167857273184342 1.29489540278263
RECURRENT recurrent-bogota-70-1-2-3-4-5-6-7-8-9-10-11-12-13-14-15-16-17-18-19-20-21-22-23-24 4 k_avg -0.19708227817653495 0.0505208059422871 -0.25634372816125794
RECURRENT recurrent-bogota-70-1-2-3-4-5-6-7-8-9-10-11-12-13-14-15-16-17-18-19-20-21-22-23-24 5 m 0.08708677217200679 0.11224000339408281 1.2888295270881711
RECURRENT recurrent-bogota-70-1-2-3-4-5-6-7-8-9-10-11-12-13-14-15-16-17-18-19-20-21-22-23-24 6 circuity_avg -0.15877098549298568 0.1316802139600045 -0.8293720263254396
RECURRENT recurrent-bogota-70-1-2-3-4-5-6-7-8-9-10-11-12-13-14-15-16-17-18-19-20-21-22-23-24 7 streets_per_node_avg 0.0669943440975287 0.09336166472532416 1.393575323155796
RECURRENT recurrent-bogota-70-1-2-3-4-5-6-7-8-9-10-11-12-13-14-15-16-17-18-19-20-21-22-23-24 8 mean_lanes 0.3132362990916532 0.15929825450088042 0.508556176161019
RECURRENT recurrent-bogota-70-1-2-3-4-5-6-7-8-9-10-11-12-13-14-15-16-17-18-19-20-21-22-23-24 9 streets_per_node_count_2 -0.06684996343050037 0.04152632213035938 -0.6211869087038715
RECURRENT recurrent-bogota-70-1-2-3-4-5-6-7-8-9-10-11-12-13-14-15-16-17-18-19-20-21-22-23-24 10 streets_per_node_count_4 0.16854793731547554 0.21509463652505184 1.2761629715020104
RECURRENT recurrent-bogota-70-1-2-3-4-5-6-7-8-9-10-11-12-13-14-15-16-17-18-19-20-21-22-23-24 11 total_crossings 0.20347306651420463 0.2533573290593394 1.2451639590424726
RECURRENT recurrent-bogota-70-1-2-3-4-5-6-7-8-9-10-11-12-13-14-15-16-17-18-19-20-21-22-23-24 12 streets_per_node_count_5 -0.008134866623787826 0.01882845087150832 -2.3145371328462243
RECURRENT recurrent-bogota-70-1-2-3-4-5-6-7-8-9-10-11-12-13-14-15-16-17-18-19-20-21-22-23-24 13 metered_count 0.12325863303542245 0.18998881680996502 1.5413834482114162
SHAP Values for each feature:
Slug                           Feature Name         Mean Abs SHAP Value
SHAP-- recurrent-bogota-70-1-2-3-4-5-6-7-8-9-10-11-12-13-14-15-16-17-18-19-20-21-22-23-24 streets_per_node_count_3          0.0643
SHAP-- recurrent-bogota-70-1-2-3-4-5-6-7-8-9-10-11-12-13-14-15-16-17-18-19-20-21-22-23-24 n                             0.0870
SHAP-- recurrent-bogota-70-1-2-3-4-5-6-7-8-9-10-11-12-13-14-15-16-17-18-19-20-21-22-23-24 betweenness                   0.0212
SHAP-- recurrent-bogota-70-1-2-3-4-5-6-7-8-9-10-11-12-13-14-15-16-17-18-19-20-21-22-23-24 non_metered_count             0.0408
SHAP-- recurrent-bogota-70-1-2-3-4-5-6-7-8-9-10-11-12-13-14-15-16-17-18-19-20-21-22-23-24 k_avg                         0.0258
SHAP-- recurrent-bogota-70-1-2-3-4-5-6-7-8-9-10-11-12-13-14-15-16-17-18-19-20-21-22-23-24 m                             0.0501
SHAP-- recurrent-bogota-70-1-2-3-4-5-6-7-8-9-10-11-12-13-14-15-16-17-18-19-20-21-22-23-24 circuity_avg                  0.0650
SHAP-- recurrent-bogota-70-1-2-3-4-5-6-7-8-9-10-11-12-13-14-15-16-17-18-19-20-21-22-23-24 streets_per_node_avg          0.0449
SHAP-- recurrent-bogota-70-1-2-3-4-5-6-7-8-9-10-11-12-13-14-15-16-17-18-19-20-21-22-23-24 mean_lanes                    0.0650
SHAP-- recurrent-bogota-70-1-2-3-4-5-6-7-8-9-10-11-12-13-14-15-16-17-18-19-20-21-22-23-24 streets_per_node_count_2          0.0210
SHAP-- recurrent-bogota-70-1-2-3-4-5-6-7-8-9-10-11-12-13-14-15-16-17-18-19-20-21-22-23-24 streets_per_node_count_4          0.1012
SHAP-- recurrent-bogota-70-1-2-3-4-5-6-7-8-9-10-11-12-13-14-15-16-17-18-19-20-21-22-23-24 total_crossings               0.1255
SHAP-- recurrent-bogota-70-1-2-3-4-5-6-7-8-9-10-11-12-13-14-15-16-17-18-19-20-21-22-23-24 streets_per_node_count_5          0.0043
SHAP-- recurrent-bogota-70-1-2-3-4-5-6-7-8-9-10-11-12-13-14-15-16-17-18-19-20-21-22-23-24 metered_count                 0.0914
RECURRENT Bogota 70 LR 0.35703702859914876 XpVar
RECURRENT Bogota 70 RF 0.3735965738374413 XpVar
RECURRENT Bogota 70 LLR 6.344131569286608e-17 XpVar
RECURRENT Bogota 70 RLR 0.35687735807935433 XpVar
RECURRENT Bogota 70 LR 0.5940563414020167 MSE
RECURRENT Bogota 70 RF 0.5830989927844458 MSE
RECURRENT Bogota 70 LLR 0.9236603244382747 MSE
RECURRENT Bogota 70 RLR 0.5943043017582706 MSE
RECURRENT Bogota 70 LR 0.3546284429682397 R2
RECURRENT Bogota 70 RF 0.3676851537201006 R2
RECURRENT Bogota 70 LLR -0.002002011709956175 R2
RECURRENT Bogota 70 RLR 0.3544784619059845 R2
t_spatial, t_non_spatial, "seconds" : 2.6226043701171875e-06 72.17572498321533 seconds
sorted_percentage_nan_per_column : maxspeed                         32.759969
n                                 0.000000
lane_density                      0.000000
streets_per_node_proportion_6     0.000000
streets_per_node_proportion_5     0.000000
streets_per_node_proportion_4     0.000000
streets_per_node_proportion_3     0.000000
streets_per_node_proportion_2     0.000000
streets_per_node_proportion_1     0.000000
streets_per_node_count_6          0.000000
streets_per_node_count_5          0.000000
streets_per_node_count_4          0.000000
streets_per_node_count_3          0.000000
streets_per_node_count_2          0.000000
streets_per_node_count_1          0.000000
mean_lanes                        0.000000
m                                 0.000000
betweenness                       0.000000
total_crossings                   0.000000
non_metered_count                 0.000000
metered_count                     0.000000
self_loop_proportion              0.000000
circuity_avg                      0.000000
street_length_avg                 0.000000
street_segment_count              0.000000
street_length_total               0.000000
streets_per_node_avg              0.000000
edge_length_avg                   0.000000
edge_length_total                 0.000000
k_avg                             0.000000
global_betweenness                0.000000
dtype: float64
city, scale, tod, config.shift_tile_marker, X.shape, Y.shape : Bogota 80 [1, 2, 3, 4, 5, 6, 7, 8, 9, 10, 11, 12, 13, 14, 15, 16, 17, 18, 19, 20, 21, 22, 23, 24] 3 (1279, 14) (1279,)
X.shape, Y.shape, "Inside the model-fitting function" : (1279, 14) (1279,) Inside the model-fitting function
Dict: model_trials.best_params_
Key: Value
{'randomforestregressor__max_depth': 10,
 'randomforestregressor__max_features': 'sqrt',
 'randomforestregressor__n_estimators': 100}
Matplotlib is currently using agg, which is a non-GUI backend, so cannot show the figure.
RECURRENT recurrent-bogota-80-1-2-3-4-5-6-7-8-9-10-11-12-13-14-15-16-17-18-19-20-21-22-23-24 0 streets_per_node_count_3 0.12192264601022519 0.16304782861937123 1.337305528996615
RECURRENT recurrent-bogota-80-1-2-3-4-5-6-7-8-9-10-11-12-13-14-15-16-17-18-19-20-21-22-23-24 1 n 0.13330139504312893 0.1717091435670231 1.2881271310886697
RECURRENT recurrent-bogota-80-1-2-3-4-5-6-7-8-9-10-11-12-13-14-15-16-17-18-19-20-21-22-23-24 2 betweenness -0.07608424857277306 0.05698743641399145 -0.749004392932712
RECURRENT recurrent-bogota-80-1-2-3-4-5-6-7-8-9-10-11-12-13-14-15-16-17-18-19-20-21-22-23-24 3 non_metered_count 0.03774724568061089 0.052678518003277594 1.3955592534884271
RECURRENT recurrent-bogota-80-1-2-3-4-5-6-7-8-9-10-11-12-13-14-15-16-17-18-19-20-21-22-23-24 4 k_avg -0.07186029544108374 0.07618537859751612 -1.0601873834484634
RECURRENT recurrent-bogota-80-1-2-3-4-5-6-7-8-9-10-11-12-13-14-15-16-17-18-19-20-21-22-23-24 5 m 0.09097325054851378 0.12243426508376543 1.345827090332166
RECURRENT recurrent-bogota-80-1-2-3-4-5-6-7-8-9-10-11-12-13-14-15-16-17-18-19-20-21-22-23-24 6 circuity_avg -0.16620652994720653 0.12812173788132522 -0.7708586294534969
RECURRENT recurrent-bogota-80-1-2-3-4-5-6-7-8-9-10-11-12-13-14-15-16-17-18-19-20-21-22-23-24 7 streets_per_node_avg 0.05526917303432469 0.07547696503210474 1.3656250109845156
RECURRENT recurrent-bogota-80-1-2-3-4-5-6-7-8-9-10-11-12-13-14-15-16-17-18-19-20-21-22-23-24 8 mean_lanes 0.7641365640501742 0.1273185484944524 0.1666175321065941
RECURRENT recurrent-bogota-80-1-2-3-4-5-6-7-8-9-10-11-12-13-14-15-16-17-18-19-20-21-22-23-24 9 streets_per_node_count_2 -0.03939459287445902 0.057601090055959425 -1.4621572620262908
RECURRENT recurrent-bogota-80-1-2-3-4-5-6-7-8-9-10-11-12-13-14-15-16-17-18-19-20-21-22-23-24 10 streets_per_node_count_4 0.13334841287459545 0.15411319118715494 1.1557182261485726
RECURRENT recurrent-bogota-80-1-2-3-4-5-6-7-8-9-10-11-12-13-14-15-16-17-18-19-20-21-22-23-24 11 total_crossings 0.19395869547804132 0.25571219136173895 1.318384776364352
RECURRENT recurrent-bogota-80-1-2-3-4-5-6-7-8-9-10-11-12-13-14-15-16-17-18-19-20-21-22-23-24 12 streets_per_node_count_5 -0.006454245116060744 0.013521217495281127 -2.094933993385985
RECURRENT recurrent-bogota-80-1-2-3-4-5-6-7-8-9-10-11-12-13-14-15-16-17-18-19-20-21-22-23-24 13 metered_count 0.24581190433353436 0.32277071422954706 1.3130800768362696
SHAP Values for each feature:
Slug                           Feature Name         Mean Abs SHAP Value
SHAP-- recurrent-bogota-80-1-2-3-4-5-6-7-8-9-10-11-12-13-14-15-16-17-18-19-20-21-22-23-24 streets_per_node_count_3          0.0743
SHAP-- recurrent-bogota-80-1-2-3-4-5-6-7-8-9-10-11-12-13-14-15-16-17-18-19-20-21-22-23-24 n                             0.0786
SHAP-- recurrent-bogota-80-1-2-3-4-5-6-7-8-9-10-11-12-13-14-15-16-17-18-19-20-21-22-23-24 betweenness                   0.0261
SHAP-- recurrent-bogota-80-1-2-3-4-5-6-7-8-9-10-11-12-13-14-15-16-17-18-19-20-21-22-23-24 non_metered_count             0.0255
SHAP-- recurrent-bogota-80-1-2-3-4-5-6-7-8-9-10-11-12-13-14-15-16-17-18-19-20-21-22-23-24 k_avg                         0.0385
SHAP-- recurrent-bogota-80-1-2-3-4-5-6-7-8-9-10-11-12-13-14-15-16-17-18-19-20-21-22-23-24 m                             0.0574
SHAP-- recurrent-bogota-80-1-2-3-4-5-6-7-8-9-10-11-12-13-14-15-16-17-18-19-20-21-22-23-24 circuity_avg                  0.0630
SHAP-- recurrent-bogota-80-1-2-3-4-5-6-7-8-9-10-11-12-13-14-15-16-17-18-19-20-21-22-23-24 streets_per_node_avg          0.0372
SHAP-- recurrent-bogota-80-1-2-3-4-5-6-7-8-9-10-11-12-13-14-15-16-17-18-19-20-21-22-23-24 mean_lanes                    0.0515
SHAP-- recurrent-bogota-80-1-2-3-4-5-6-7-8-9-10-11-12-13-14-15-16-17-18-19-20-21-22-23-24 streets_per_node_count_2          0.0311
SHAP-- recurrent-bogota-80-1-2-3-4-5-6-7-8-9-10-11-12-13-14-15-16-17-18-19-20-21-22-23-24 streets_per_node_count_4          0.0712
SHAP-- recurrent-bogota-80-1-2-3-4-5-6-7-8-9-10-11-12-13-14-15-16-17-18-19-20-21-22-23-24 total_crossings               0.1276
SHAP-- recurrent-bogota-80-1-2-3-4-5-6-7-8-9-10-11-12-13-14-15-16-17-18-19-20-21-22-23-24 streets_per_node_count_5          0.0038
SHAP-- recurrent-bogota-80-1-2-3-4-5-6-7-8-9-10-11-12-13-14-15-16-17-18-19-20-21-22-23-24 metered_count                 0.1630
RECURRENT Bogota 80 LR 0.33731753554145866 XpVar
RECURRENT Bogota 80 RF 0.3523877527441824 XpVar
RECURRENT Bogota 80 LLR -6.344131569286608e-17 XpVar
RECURRENT Bogota 80 RLR 0.3367201804560196 XpVar
RECURRENT Bogota 80 LR 0.6476397660288897 MSE
RECURRENT Bogota 80 RF 0.6318491832561982 MSE
RECURRENT Bogota 80 LLR 0.9701515007188525 MSE
RECURRENT Bogota 80 RLR 0.6479630997610223 MSE
RECURRENT Bogota 80 LR 0.32940509981401916 R2
RECURRENT Bogota 80 RF 0.3445723561476005 R2
RECURRENT Bogota 80 LLR -0.010817638212274217 R2
RECURRENT Bogota 80 RLR 0.3290099101395443 R2
t_spatial, t_non_spatial, "seconds" : 2.86102294921875e-06 66.39584183692932 seconds
sorted_percentage_nan_per_column : maxspeed                         32.610125
n                                 0.000000
lane_density                      0.000000
streets_per_node_proportion_6     0.000000
streets_per_node_proportion_5     0.000000
streets_per_node_proportion_4     0.000000
streets_per_node_proportion_3     0.000000
streets_per_node_proportion_2     0.000000
streets_per_node_proportion_1     0.000000
streets_per_node_count_6          0.000000
streets_per_node_count_5          0.000000
streets_per_node_count_4          0.000000
streets_per_node_count_3          0.000000
streets_per_node_count_2          0.000000
streets_per_node_count_1          0.000000
mean_lanes                        0.000000
m                                 0.000000
betweenness                       0.000000
total_crossings                   0.000000
non_metered_count                 0.000000
metered_count                     0.000000
self_loop_proportion              0.000000
circuity_avg                      0.000000
street_length_avg                 0.000000
street_segment_count              0.000000
street_length_total               0.000000
streets_per_node_avg              0.000000
edge_length_avg                   0.000000
edge_length_total                 0.000000
k_avg                             0.000000
global_betweenness                0.000000
dtype: float64
city, scale, tod, config.shift_tile_marker, X.shape, Y.shape : Bogota 90 [1, 2, 3, 4, 5, 6, 7, 8, 9, 10, 11, 12, 13, 14, 15, 16, 17, 18, 19, 20, 21, 22, 23, 24] 3 (1521, 14) (1521,)
X.shape, Y.shape, "Inside the model-fitting function" : (1521, 14) (1521,) Inside the model-fitting function
Dict: model_trials.best_params_
Key: Value
{'randomforestregressor__max_depth': 10,
 'randomforestregressor__max_features': 'sqrt',
 'randomforestregressor__n_estimators': 500}
Matplotlib is currently using agg, which is a non-GUI backend, so cannot show the figure.
RECURRENT recurrent-bogota-90-1-2-3-4-5-6-7-8-9-10-11-12-13-14-15-16-17-18-19-20-21-22-23-24 0 streets_per_node_count_3 0.12384604993512416 0.13896848818963242 1.12210674674267
RECURRENT recurrent-bogota-90-1-2-3-4-5-6-7-8-9-10-11-12-13-14-15-16-17-18-19-20-21-22-23-24 1 n 0.1338397812440428 0.16025212978227169 1.1973430342811808
RECURRENT recurrent-bogota-90-1-2-3-4-5-6-7-8-9-10-11-12-13-14-15-16-17-18-19-20-21-22-23-24 2 betweenness -0.1061133443390029 0.06860033137243539 -0.6464816635434298
RECURRENT recurrent-bogota-90-1-2-3-4-5-6-7-8-9-10-11-12-13-14-15-16-17-18-19-20-21-22-23-24 3 non_metered_count 0.06967005965521582 0.09158977978745611 1.3146218080006953
RECURRENT recurrent-bogota-90-1-2-3-4-5-6-7-8-9-10-11-12-13-14-15-16-17-18-19-20-21-22-23-24 4 k_avg -0.04858757609892458 0.051979299687321026 -1.0698063962172322
RECURRENT recurrent-bogota-90-1-2-3-4-5-6-7-8-9-10-11-12-13-14-15-16-17-18-19-20-21-22-23-24 5 m 0.14664475650368852 0.08807907432490944 0.6006288695545279
RECURRENT recurrent-bogota-90-1-2-3-4-5-6-7-8-9-10-11-12-13-14-15-16-17-18-19-20-21-22-23-24 6 circuity_avg -0.13804746366163315 0.09870750638494268 -0.7150258597063669
RECURRENT recurrent-bogota-90-1-2-3-4-5-6-7-8-9-10-11-12-13-14-15-16-17-18-19-20-21-22-23-24 7 streets_per_node_avg 0.06937113425011972 0.11108705128051741 1.6013440241583725
RECURRENT recurrent-bogota-90-1-2-3-4-5-6-7-8-9-10-11-12-13-14-15-16-17-18-19-20-21-22-23-24 8 mean_lanes 2.777040206183776 0.15280894893047536 0.055025832391698164
RECURRENT recurrent-bogota-90-1-2-3-4-5-6-7-8-9-10-11-12-13-14-15-16-17-18-19-20-21-22-23-24 9 streets_per_node_count_2 -0.13980085719662996 0.04115389929017231 -0.29437515702989814
RECURRENT recurrent-bogota-90-1-2-3-4-5-6-7-8-9-10-11-12-13-14-15-16-17-18-19-20-21-22-23-24 10 streets_per_node_count_4 0.15289411717780987 0.14640066751138775 0.9575297612080752
RECURRENT recurrent-bogota-90-1-2-3-4-5-6-7-8-9-10-11-12-13-14-15-16-17-18-19-20-21-22-23-24 11 total_crossings 0.23899937215809866 0.29616497849260726 1.2391872657167209
RECURRENT recurrent-bogota-90-1-2-3-4-5-6-7-8-9-10-11-12-13-14-15-16-17-18-19-20-21-22-23-24 12 streets_per_node_count_5 0.010586452057328057 0.006368888082893333 0.6016074175185746
RECURRENT recurrent-bogota-90-1-2-3-4-5-6-7-8-9-10-11-12-13-14-15-16-17-18-19-20-21-22-23-24 13 metered_count 0.16460430678831037 0.2450485450055364 1.4887128398206584
SHAP Values for each feature:
Slug                           Feature Name         Mean Abs SHAP Value
SHAP-- recurrent-bogota-90-1-2-3-4-5-6-7-8-9-10-11-12-13-14-15-16-17-18-19-20-21-22-23-24 streets_per_node_count_3          0.0555
SHAP-- recurrent-bogota-90-1-2-3-4-5-6-7-8-9-10-11-12-13-14-15-16-17-18-19-20-21-22-23-24 n                             0.0730
SHAP-- recurrent-bogota-90-1-2-3-4-5-6-7-8-9-10-11-12-13-14-15-16-17-18-19-20-21-22-23-24 betweenness                   0.0321
SHAP-- recurrent-bogota-90-1-2-3-4-5-6-7-8-9-10-11-12-13-14-15-16-17-18-19-20-21-22-23-24 non_metered_count             0.0460
SHAP-- recurrent-bogota-90-1-2-3-4-5-6-7-8-9-10-11-12-13-14-15-16-17-18-19-20-21-22-23-24 k_avg                         0.0263
SHAP-- recurrent-bogota-90-1-2-3-4-5-6-7-8-9-10-11-12-13-14-15-16-17-18-19-20-21-22-23-24 m                             0.0431
SHAP-- recurrent-bogota-90-1-2-3-4-5-6-7-8-9-10-11-12-13-14-15-16-17-18-19-20-21-22-23-24 circuity_avg                  0.0454
SHAP-- recurrent-bogota-90-1-2-3-4-5-6-7-8-9-10-11-12-13-14-15-16-17-18-19-20-21-22-23-24 streets_per_node_avg          0.0534
SHAP-- recurrent-bogota-90-1-2-3-4-5-6-7-8-9-10-11-12-13-14-15-16-17-18-19-20-21-22-23-24 mean_lanes                    0.0632
SHAP-- recurrent-bogota-90-1-2-3-4-5-6-7-8-9-10-11-12-13-14-15-16-17-18-19-20-21-22-23-24 streets_per_node_count_2          0.0204
SHAP-- recurrent-bogota-90-1-2-3-4-5-6-7-8-9-10-11-12-13-14-15-16-17-18-19-20-21-22-23-24 streets_per_node_count_4          0.0684
SHAP-- recurrent-bogota-90-1-2-3-4-5-6-7-8-9-10-11-12-13-14-15-16-17-18-19-20-21-22-23-24 total_crossings               0.1456
SHAP-- recurrent-bogota-90-1-2-3-4-5-6-7-8-9-10-11-12-13-14-15-16-17-18-19-20-21-22-23-24 streets_per_node_count_5          0.0027
SHAP-- recurrent-bogota-90-1-2-3-4-5-6-7-8-9-10-11-12-13-14-15-16-17-18-19-20-21-22-23-24 metered_count                 0.1197
RECURRENT Bogota 90 LR 0.3296554829630452 XpVar
RECURRENT Bogota 90 RF 0.36915031039764123 XpVar
RECURRENT Bogota 90 LLR -4.7580986769649563e-17 XpVar
RECURRENT Bogota 90 RLR 0.3295358331285495 XpVar
RECURRENT Bogota 90 LR 0.6466821237912516 MSE
RECURRENT Bogota 90 RF 0.607418595330657 MSE
RECURRENT Bogota 90 LLR 0.9618635612022722 MSE
RECURRENT Bogota 90 RLR 0.6467317251959062 MSE
RECURRENT Bogota 90 LR 0.32458761853466594 R2
RECURRENT Bogota 90 RF 0.36456980575499615 R2
RECURRENT Bogota 90 LLR -0.005060663082384461 R2
RECURRENT Bogota 90 RLR 0.3244136477039035 R2
t_spatial, t_non_spatial, "seconds" : 5.0067901611328125e-06 178.52156043052673 seconds
sorted_percentage_nan_per_column : maxspeed                         32.034632
n                                 0.000000
lane_density                      0.000000
streets_per_node_proportion_6     0.000000
streets_per_node_proportion_5     0.000000
streets_per_node_proportion_4     0.000000
streets_per_node_proportion_3     0.000000
streets_per_node_proportion_2     0.000000
streets_per_node_proportion_1     0.000000
streets_per_node_count_6          0.000000
streets_per_node_count_5          0.000000
streets_per_node_count_4          0.000000
streets_per_node_count_3          0.000000
streets_per_node_count_2          0.000000
streets_per_node_count_1          0.000000
mean_lanes                        0.000000
m                                 0.000000
betweenness                       0.000000
total_crossings                   0.000000
non_metered_count                 0.000000
metered_count                     0.000000
self_loop_proportion              0.000000
circuity_avg                      0.000000
street_length_avg                 0.000000
street_segment_count              0.000000
street_length_total               0.000000
streets_per_node_avg              0.000000
edge_length_avg                   0.000000
edge_length_total                 0.000000
k_avg                             0.000000
global_betweenness                0.000000
dtype: float64
city, scale, tod, config.shift_tile_marker, X.shape, Y.shape : Bogota 25 [1, 2, 3, 4, 5, 6, 7, 8, 9, 10, 11, 12, 13, 14, 15, 16, 17, 18, 19, 20, 21, 22, 23, 24] 3 (231, 14) (231,)
X.shape, Y.shape, "Inside the model-fitting function" : (231, 14) (231,) Inside the model-fitting function
Dict: model_trials.best_params_
Key: Value
{'randomforestregressor__max_depth': 10,
 'randomforestregressor__max_features': 'sqrt',
 'randomforestregressor__n_estimators': 300}
Matplotlib is currently using agg, which is a non-GUI backend, so cannot show the figure.
RECURRENT recurrent-bogota-25-1-2-3-4-5-6-7-8-9-10-11-12-13-14-15-16-17-18-19-20-21-22-23-24 0 streets_per_node_count_3 0.07180044678429112 0.08719540160907407 1.214413078389801
RECURRENT recurrent-bogota-25-1-2-3-4-5-6-7-8-9-10-11-12-13-14-15-16-17-18-19-20-21-22-23-24 1 n 0.06918340687976898 0.07738580803676626 1.118560237590668
RECURRENT recurrent-bogota-25-1-2-3-4-5-6-7-8-9-10-11-12-13-14-15-16-17-18-19-20-21-22-23-24 2 betweenness -0.08746556069533491 0.11549464099082207 -1.3204584761437668
RECURRENT recurrent-bogota-25-1-2-3-4-5-6-7-8-9-10-11-12-13-14-15-16-17-18-19-20-21-22-23-24 3 non_metered_count 0.023414642362942804 0.03740065622184842 1.5973191322811142
RECURRENT recurrent-bogota-25-1-2-3-4-5-6-7-8-9-10-11-12-13-14-15-16-17-18-19-20-21-22-23-24 4 k_avg -0.17874209431462626 0.06553916089975065 -0.366668865277963
RECURRENT recurrent-bogota-25-1-2-3-4-5-6-7-8-9-10-11-12-13-14-15-16-17-18-19-20-21-22-23-24 5 m 0.11125886226394954 0.058995113746495915 0.5302509170598602
RECURRENT recurrent-bogota-25-1-2-3-4-5-6-7-8-9-10-11-12-13-14-15-16-17-18-19-20-21-22-23-24 6 circuity_avg -0.2468025482003694 0.21997447742858106 -0.891297432026481
RECURRENT recurrent-bogota-25-1-2-3-4-5-6-7-8-9-10-11-12-13-14-15-16-17-18-19-20-21-22-23-24 7 streets_per_node_avg 0.10074588684261589 0.13012793881594667 1.291645176732933
RECURRENT recurrent-bogota-25-1-2-3-4-5-6-7-8-9-10-11-12-13-14-15-16-17-18-19-20-21-22-23-24 8 mean_lanes 0.1410781020041879 0.16592766915762258 1.176140498067496
RECURRENT recurrent-bogota-25-1-2-3-4-5-6-7-8-9-10-11-12-13-14-15-16-17-18-19-20-21-22-23-24 9 streets_per_node_count_2 0.07548380898462595 0.11647814031741105 1.5430877413874884
RECURRENT recurrent-bogota-25-1-2-3-4-5-6-7-8-9-10-11-12-13-14-15-16-17-18-19-20-21-22-23-24 10 streets_per_node_count_4 0.20546106458538826 0.2533829309014165 1.23324062110129
RECURRENT recurrent-bogota-25-1-2-3-4-5-6-7-8-9-10-11-12-13-14-15-16-17-18-19-20-21-22-23-24 11 total_crossings 0.09161710804706845 0.12533601773424988 1.3680416289701949
RECURRENT recurrent-bogota-25-1-2-3-4-5-6-7-8-9-10-11-12-13-14-15-16-17-18-19-20-21-22-23-24 12 streets_per_node_count_5 0.010453975891452251 0.008807692500787445 0.8425208353492666
RECURRENT recurrent-bogota-25-1-2-3-4-5-6-7-8-9-10-11-12-13-14-15-16-17-18-19-20-21-22-23-24 13 metered_count 0.23891474276488206 0.2920504681021008 1.2224045478411938
SHAP Values for each feature:
Slug                           Feature Name         Mean Abs SHAP Value
SHAP-- recurrent-bogota-25-1-2-3-4-5-6-7-8-9-10-11-12-13-14-15-16-17-18-19-20-21-22-23-24 streets_per_node_count_3          0.0428
SHAP-- recurrent-bogota-25-1-2-3-4-5-6-7-8-9-10-11-12-13-14-15-16-17-18-19-20-21-22-23-24 n                             0.0399
SHAP-- recurrent-bogota-25-1-2-3-4-5-6-7-8-9-10-11-12-13-14-15-16-17-18-19-20-21-22-23-24 betweenness                   0.0572
SHAP-- recurrent-bogota-25-1-2-3-4-5-6-7-8-9-10-11-12-13-14-15-16-17-18-19-20-21-22-23-24 non_metered_count             0.0187
SHAP-- recurrent-bogota-25-1-2-3-4-5-6-7-8-9-10-11-12-13-14-15-16-17-18-19-20-21-22-23-24 k_avg                         0.0338
SHAP-- recurrent-bogota-25-1-2-3-4-5-6-7-8-9-10-11-12-13-14-15-16-17-18-19-20-21-22-23-24 m                             0.0294
SHAP-- recurrent-bogota-25-1-2-3-4-5-6-7-8-9-10-11-12-13-14-15-16-17-18-19-20-21-22-23-24 circuity_avg                  0.1100
SHAP-- recurrent-bogota-25-1-2-3-4-5-6-7-8-9-10-11-12-13-14-15-16-17-18-19-20-21-22-23-24 streets_per_node_avg          0.0650
SHAP-- recurrent-bogota-25-1-2-3-4-5-6-7-8-9-10-11-12-13-14-15-16-17-18-19-20-21-22-23-24 mean_lanes                    0.0820
SHAP-- recurrent-bogota-25-1-2-3-4-5-6-7-8-9-10-11-12-13-14-15-16-17-18-19-20-21-22-23-24 streets_per_node_count_2          0.0598
SHAP-- recurrent-bogota-25-1-2-3-4-5-6-7-8-9-10-11-12-13-14-15-16-17-18-19-20-21-22-23-24 streets_per_node_count_4          0.1154
SHAP-- recurrent-bogota-25-1-2-3-4-5-6-7-8-9-10-11-12-13-14-15-16-17-18-19-20-21-22-23-24 total_crossings               0.0618
SHAP-- recurrent-bogota-25-1-2-3-4-5-6-7-8-9-10-11-12-13-14-15-16-17-18-19-20-21-22-23-24 streets_per_node_count_5          0.0035
SHAP-- recurrent-bogota-25-1-2-3-4-5-6-7-8-9-10-11-12-13-14-15-16-17-18-19-20-21-22-23-24 metered_count                 0.1488
RECURRENT Bogota 25 LR 0.43933192215625655 XpVar
RECURRENT Bogota 25 RF 0.4559811536934563 XpVar
RECURRENT Bogota 25 LLR -3.172065784643304e-17 XpVar
RECURRENT Bogota 25 RLR 0.4339842390618533 XpVar
RECURRENT Bogota 25 LR 0.4645878256924467 MSE
RECURRENT Bogota 25 RF 0.4494224625192467 MSE
RECURRENT Bogota 25 LLR 0.8077406147086081 MSE
RECURRENT Bogota 25 RLR 0.4686807854858703 MSE
RECURRENT Bogota 25 LR 0.43440281948057063 R2
RECURRENT Bogota 25 RF 0.453468993983564 R2
RECURRENT Bogota 25 LLR -0.015762332996649482 R2
RECURRENT Bogota 25 RLR 0.4274799867796598 R2
t_spatial, t_non_spatial, "seconds" : 2.384185791015625e-06 30.977184057235718 seconds
sorted_percentage_nan_per_column : maxspeed                         32.86385
n                                 0.00000
lane_density                      0.00000
streets_per_node_proportion_6     0.00000
streets_per_node_proportion_5     0.00000
streets_per_node_proportion_4     0.00000
streets_per_node_proportion_3     0.00000
streets_per_node_proportion_2     0.00000
streets_per_node_proportion_1     0.00000
streets_per_node_count_6          0.00000
streets_per_node_count_5          0.00000
streets_per_node_count_4          0.00000
streets_per_node_count_3          0.00000
streets_per_node_count_2          0.00000
streets_per_node_count_1          0.00000
mean_lanes                        0.00000
m                                 0.00000
betweenness                       0.00000
total_crossings                   0.00000
non_metered_count                 0.00000
metered_count                     0.00000
self_loop_proportion              0.00000
circuity_avg                      0.00000
street_length_avg                 0.00000
street_segment_count              0.00000
street_length_total               0.00000
streets_per_node_avg              0.00000
edge_length_avg                   0.00000
edge_length_total                 0.00000
k_avg                             0.00000
global_betweenness                0.00000
dtype: float64
city, scale, tod, config.shift_tile_marker, X.shape, Y.shape : Bogota 50 [1, 2, 3, 4, 5, 6, 7, 8, 9, 10, 11, 12, 13, 14, 15, 16, 17, 18, 19, 20, 21, 22, 23, 24] 3 (639, 14) (639,)
X.shape, Y.shape, "Inside the model-fitting function" : (639, 14) (639,) Inside the model-fitting function
Dict: model_trials.best_params_
Key: Value
{'randomforestregressor__max_depth': 10,
 'randomforestregressor__max_features': 'sqrt',
 'randomforestregressor__n_estimators': 300}
Matplotlib is currently using agg, which is a non-GUI backend, so cannot show the figure.
RECURRENT recurrent-bogota-50-1-2-3-4-5-6-7-8-9-10-11-12-13-14-15-16-17-18-19-20-21-22-23-24 0 streets_per_node_count_3 0.11426477788997091 0.13050319352775913 1.1421121708513247
RECURRENT recurrent-bogota-50-1-2-3-4-5-6-7-8-9-10-11-12-13-14-15-16-17-18-19-20-21-22-23-24 1 n 0.0997587943457343 0.15123117644376965 1.5159683658530134
RECURRENT recurrent-bogota-50-1-2-3-4-5-6-7-8-9-10-11-12-13-14-15-16-17-18-19-20-21-22-23-24 2 betweenness -0.07514603579781445 0.04256676826168401 -0.5664539427763403
RECURRENT recurrent-bogota-50-1-2-3-4-5-6-7-8-9-10-11-12-13-14-15-16-17-18-19-20-21-22-23-24 3 non_metered_count 0.0459435467517324 0.06069558543976923 1.3210905498383312
RECURRENT recurrent-bogota-50-1-2-3-4-5-6-7-8-9-10-11-12-13-14-15-16-17-18-19-20-21-22-23-24 4 k_avg -0.06154277904550619 0.08942990239689244 -1.4531339628125317
RECURRENT recurrent-bogota-50-1-2-3-4-5-6-7-8-9-10-11-12-13-14-15-16-17-18-19-20-21-22-23-24 5 m 0.08073293532710119 0.09333148245004011 1.1560521374813648
RECURRENT recurrent-bogota-50-1-2-3-4-5-6-7-8-9-10-11-12-13-14-15-16-17-18-19-20-21-22-23-24 6 circuity_avg -0.21060443975066193 0.1810692723065977 -0.8597599961376341
RECURRENT recurrent-bogota-50-1-2-3-4-5-6-7-8-9-10-11-12-13-14-15-16-17-18-19-20-21-22-23-24 7 streets_per_node_avg 0.06324936751093774 0.0872979013189066 1.3802177753605227
RECURRENT recurrent-bogota-50-1-2-3-4-5-6-7-8-9-10-11-12-13-14-15-16-17-18-19-20-21-22-23-24 8 mean_lanes 0.18827940704119636 0.11814013084717939 0.6274723970281562
RECURRENT recurrent-bogota-50-1-2-3-4-5-6-7-8-9-10-11-12-13-14-15-16-17-18-19-20-21-22-23-24 9 streets_per_node_count_2 -0.22898971535660675 0.04774828988633051 -0.208517180834833
RECURRENT recurrent-bogota-50-1-2-3-4-5-6-7-8-9-10-11-12-13-14-15-16-17-18-19-20-21-22-23-24 10 streets_per_node_count_4 0.12412587102453246 0.15174213885654106 1.2224859942900257
RECURRENT recurrent-bogota-50-1-2-3-4-5-6-7-8-9-10-11-12-13-14-15-16-17-18-19-20-21-22-23-24 11 total_crossings 0.1883932493398717 0.23282598619404626 1.235851003206678
RECURRENT recurrent-bogota-50-1-2-3-4-5-6-7-8-9-10-11-12-13-14-15-16-17-18-19-20-21-22-23-24 12 streets_per_node_count_5 -0.0045315131462477995 0.005174448230824975 -1.1418808825722024
RECURRENT recurrent-bogota-50-1-2-3-4-5-6-7-8-9-10-11-12-13-14-15-16-17-18-19-20-21-22-23-24 13 metered_count 0.26415845375311764 0.3303952074768958 1.250746295576378
SHAP Values for each feature:
Slug                           Feature Name         Mean Abs SHAP Value
SHAP-- recurrent-bogota-50-1-2-3-4-5-6-7-8-9-10-11-12-13-14-15-16-17-18-19-20-21-22-23-24 streets_per_node_count_3          0.0572
SHAP-- recurrent-bogota-50-1-2-3-4-5-6-7-8-9-10-11-12-13-14-15-16-17-18-19-20-21-22-23-24 n                             0.0722
SHAP-- recurrent-bogota-50-1-2-3-4-5-6-7-8-9-10-11-12-13-14-15-16-17-18-19-20-21-22-23-24 betweenness                   0.0217
SHAP-- recurrent-bogota-50-1-2-3-4-5-6-7-8-9-10-11-12-13-14-15-16-17-18-19-20-21-22-23-24 non_metered_count             0.0305
SHAP-- recurrent-bogota-50-1-2-3-4-5-6-7-8-9-10-11-12-13-14-15-16-17-18-19-20-21-22-23-24 k_avg                         0.0448
SHAP-- recurrent-bogota-50-1-2-3-4-5-6-7-8-9-10-11-12-13-14-15-16-17-18-19-20-21-22-23-24 m                             0.0446
SHAP-- recurrent-bogota-50-1-2-3-4-5-6-7-8-9-10-11-12-13-14-15-16-17-18-19-20-21-22-23-24 circuity_avg                  0.0881
SHAP-- recurrent-bogota-50-1-2-3-4-5-6-7-8-9-10-11-12-13-14-15-16-17-18-19-20-21-22-23-24 streets_per_node_avg          0.0420
SHAP-- recurrent-bogota-50-1-2-3-4-5-6-7-8-9-10-11-12-13-14-15-16-17-18-19-20-21-22-23-24 mean_lanes                    0.0559
SHAP-- recurrent-bogota-50-1-2-3-4-5-6-7-8-9-10-11-12-13-14-15-16-17-18-19-20-21-22-23-24 streets_per_node_count_2          0.0258
SHAP-- recurrent-bogota-50-1-2-3-4-5-6-7-8-9-10-11-12-13-14-15-16-17-18-19-20-21-22-23-24 streets_per_node_count_4          0.0709
SHAP-- recurrent-bogota-50-1-2-3-4-5-6-7-8-9-10-11-12-13-14-15-16-17-18-19-20-21-22-23-24 total_crossings               0.1161
SHAP-- recurrent-bogota-50-1-2-3-4-5-6-7-8-9-10-11-12-13-14-15-16-17-18-19-20-21-22-23-24 streets_per_node_count_5          0.0022
SHAP-- recurrent-bogota-50-1-2-3-4-5-6-7-8-9-10-11-12-13-14-15-16-17-18-19-20-21-22-23-24 metered_count                 0.1667
RECURRENT Bogota 50 LR 0.35919599747039194 XpVar
RECURRENT Bogota 50 RF 0.38801324256516345 XpVar
RECURRENT Bogota 50 LLR 3.172065784643304e-17 XpVar
RECURRENT Bogota 50 RLR 0.35716153191009 XpVar
RECURRENT Bogota 50 LR 0.551485793809384 MSE
RECURRENT Bogota 50 RF 0.5257979697113727 MSE
RECURRENT Bogota 50 LLR 0.8620983419850062 MSE
RECURRENT Bogota 50 RLR 0.5532157445200309 MSE
RECURRENT Bogota 50 LR 0.3548472355042606 R2
RECURRENT Bogota 50 RF 0.3835380479088813 R2
RECURRENT Bogota 50 LLR -0.005829773654934296 R2
RECURRENT Bogota 50 RLR 0.35261285328827924 R2
t_spatial, t_non_spatial, "seconds" : 3.814697265625e-06 55.4613037109375 seconds
sorted_percentage_nan_per_column : maxspeed                         33.258174
n                                 0.000000
lane_density                      0.000000
streets_per_node_proportion_6     0.000000
streets_per_node_proportion_5     0.000000
streets_per_node_proportion_4     0.000000
streets_per_node_proportion_3     0.000000
streets_per_node_proportion_2     0.000000
streets_per_node_proportion_1     0.000000
streets_per_node_count_6          0.000000
streets_per_node_count_5          0.000000
streets_per_node_count_4          0.000000
streets_per_node_count_3          0.000000
streets_per_node_count_2          0.000000
streets_per_node_count_1          0.000000
mean_lanes                        0.000000
m                                 0.000000
betweenness                       0.000000
total_crossings                   0.000000
non_metered_count                 0.000000
metered_count                     0.000000
self_loop_proportion              0.000000
circuity_avg                      0.000000
street_length_avg                 0.000000
street_segment_count              0.000000
street_length_total               0.000000
streets_per_node_avg              0.000000
edge_length_avg                   0.000000
edge_length_total                 0.000000
k_avg                             0.000000
global_betweenness                0.000000
dtype: float64
city, scale, tod, config.shift_tile_marker, X.shape, Y.shape : Bogota 100 [1, 2, 3, 4, 5, 6, 7, 8, 9, 10, 11, 12, 13, 14, 15, 16, 17, 18, 19, 20, 21, 22, 23, 24] 3 (1774, 14) (1774,)
X.shape, Y.shape, "Inside the model-fitting function" : (1774, 14) (1774,) Inside the model-fitting function
Dict: model_trials.best_params_
Key: Value
{'randomforestregressor__max_depth': 10,
 'randomforestregressor__max_features': 'sqrt',
 'randomforestregressor__n_estimators': 500}
Matplotlib is currently using agg, which is a non-GUI backend, so cannot show the figure.
RECURRENT recurrent-bogota-100-1-2-3-4-5-6-7-8-9-10-11-12-13-14-15-16-17-18-19-20-21-22-23-24 0 streets_per_node_count_3 0.09728343719760553 0.12527921593475355 1.2877753864749044
RECURRENT recurrent-bogota-100-1-2-3-4-5-6-7-8-9-10-11-12-13-14-15-16-17-18-19-20-21-22-23-24 1 n 0.12575359985885257 0.18532265719745178 1.4736966369587852
RECURRENT recurrent-bogota-100-1-2-3-4-5-6-7-8-9-10-11-12-13-14-15-16-17-18-19-20-21-22-23-24 2 betweenness -0.05594321112521555 0.06197337632352512 -1.1077908306838604
RECURRENT recurrent-bogota-100-1-2-3-4-5-6-7-8-9-10-11-12-13-14-15-16-17-18-19-20-21-22-23-24 3 non_metered_count 0.06430230218204261 0.08557417444520599 1.330810430440605
RECURRENT recurrent-bogota-100-1-2-3-4-5-6-7-8-9-10-11-12-13-14-15-16-17-18-19-20-21-22-23-24 4 k_avg -0.059181005319269606 0.06425732591013758 -1.0857761804396908
RECURRENT recurrent-bogota-100-1-2-3-4-5-6-7-8-9-10-11-12-13-14-15-16-17-18-19-20-21-22-23-24 5 m 0.11814231488654217 0.10689387295051186 0.9047890508423444
RECURRENT recurrent-bogota-100-1-2-3-4-5-6-7-8-9-10-11-12-13-14-15-16-17-18-19-20-21-22-23-24 6 circuity_avg -0.11396050982355671 0.11074877021920976 -0.971817082870903
RECURRENT recurrent-bogota-100-1-2-3-4-5-6-7-8-9-10-11-12-13-14-15-16-17-18-19-20-21-22-23-24 7 streets_per_node_avg 0.06649225254034181 0.08085020205206853 1.2159341722257873
RECURRENT recurrent-bogota-100-1-2-3-4-5-6-7-8-9-10-11-12-13-14-15-16-17-18-19-20-21-22-23-24 8 mean_lanes -0.4680893814476686 0.10491623118433727 -0.2241371741009397
RECURRENT recurrent-bogota-100-1-2-3-4-5-6-7-8-9-10-11-12-13-14-15-16-17-18-19-20-21-22-23-24 9 streets_per_node_count_2 -0.041508706918263354 0.06189938086977835 -1.491238476584375
RECURRENT recurrent-bogota-100-1-2-3-4-5-6-7-8-9-10-11-12-13-14-15-16-17-18-19-20-21-22-23-24 10 streets_per_node_count_4 0.12389822714699482 0.15142027518877624 1.2221343168141447
RECURRENT recurrent-bogota-100-1-2-3-4-5-6-7-8-9-10-11-12-13-14-15-16-17-18-19-20-21-22-23-24 11 total_crossings 0.24062909198721985 0.3071763767660821 1.2765554415273972
RECURRENT recurrent-bogota-100-1-2-3-4-5-6-7-8-9-10-11-12-13-14-15-16-17-18-19-20-21-22-23-24 12 streets_per_node_count_5 -0.026157098346734364 0.0029265914321692874 -0.11188517141216711
RECURRENT recurrent-bogota-100-1-2-3-4-5-6-7-8-9-10-11-12-13-14-15-16-17-18-19-20-21-22-23-24 13 metered_count 0.16475550829939672 0.25036311827157387 1.519603932249776
SHAP Values for each feature:
Slug                           Feature Name         Mean Abs SHAP Value
SHAP-- recurrent-bogota-100-1-2-3-4-5-6-7-8-9-10-11-12-13-14-15-16-17-18-19-20-21-22-23-24 streets_per_node_count_3          0.0575
SHAP-- recurrent-bogota-100-1-2-3-4-5-6-7-8-9-10-11-12-13-14-15-16-17-18-19-20-21-22-23-24 n                             0.0814
SHAP-- recurrent-bogota-100-1-2-3-4-5-6-7-8-9-10-11-12-13-14-15-16-17-18-19-20-21-22-23-24 betweenness                   0.0310
SHAP-- recurrent-bogota-100-1-2-3-4-5-6-7-8-9-10-11-12-13-14-15-16-17-18-19-20-21-22-23-24 non_metered_count             0.0429
SHAP-- recurrent-bogota-100-1-2-3-4-5-6-7-8-9-10-11-12-13-14-15-16-17-18-19-20-21-22-23-24 k_avg                         0.0322
SHAP-- recurrent-bogota-100-1-2-3-4-5-6-7-8-9-10-11-12-13-14-15-16-17-18-19-20-21-22-23-24 m                             0.0512
SHAP-- recurrent-bogota-100-1-2-3-4-5-6-7-8-9-10-11-12-13-14-15-16-17-18-19-20-21-22-23-24 circuity_avg                  0.0517
SHAP-- recurrent-bogota-100-1-2-3-4-5-6-7-8-9-10-11-12-13-14-15-16-17-18-19-20-21-22-23-24 streets_per_node_avg          0.0395
SHAP-- recurrent-bogota-100-1-2-3-4-5-6-7-8-9-10-11-12-13-14-15-16-17-18-19-20-21-22-23-24 mean_lanes                    0.0499
SHAP-- recurrent-bogota-100-1-2-3-4-5-6-7-8-9-10-11-12-13-14-15-16-17-18-19-20-21-22-23-24 streets_per_node_count_2          0.0320
SHAP-- recurrent-bogota-100-1-2-3-4-5-6-7-8-9-10-11-12-13-14-15-16-17-18-19-20-21-22-23-24 streets_per_node_count_4          0.0684
SHAP-- recurrent-bogota-100-1-2-3-4-5-6-7-8-9-10-11-12-13-14-15-16-17-18-19-20-21-22-23-24 total_crossings               0.1515
SHAP-- recurrent-bogota-100-1-2-3-4-5-6-7-8-9-10-11-12-13-14-15-16-17-18-19-20-21-22-23-24 streets_per_node_count_5          0.0014
SHAP-- recurrent-bogota-100-1-2-3-4-5-6-7-8-9-10-11-12-13-14-15-16-17-18-19-20-21-22-23-24 metered_count                 0.1247
RECURRENT Bogota 100 LR 0.29487326948707965 XpVar
RECURRENT Bogota 100 RF 0.31412226784148994 XpVar
RECURRENT Bogota 100 LLR -3.172065784643304e-17 XpVar
RECURRENT Bogota 100 RLR 0.294981523022442 XpVar
RECURRENT Bogota 100 LR 0.6968321425883869 MSE
RECURRENT Bogota 100 RF 0.6779533948339529 MSE
RECURRENT Bogota 100 LLR 0.9858407630119936 MSE
RECURRENT Bogota 100 RLR 0.6968123329513046 MSE
RECURRENT Bogota 100 LR 0.29200696097108414 R2
RECURRENT Bogota 100 RF 0.30981093662545856 R2
RECURRENT Bogota 100 LLR -0.002296561679995733 R2
RECURRENT Bogota 100 RLR 0.2921401747551225 R2
t_spatial, t_non_spatial, "seconds" : 5.7220458984375e-06 213.8953139781952 seconds

 Complete: python urbanscales/modelling/SHAP_analysis.py

